editionID,conferenceID,edition,startDate,endDate
ufnyl0i4-iakf-vcgj-o31m-zddjh3ficw2n,60b5340f-dd94-499b-9d5d-d4fde68f0709,1,1985-09-14,1985-09-17
1vjfasuz-wodd-9ehp-spi9-a8q09xxi0csw,15722358-6a29-4c88-aed4-06e92356e9f6,1,1961-07-15,1961-08-10
uaw6asfy-lu2g-8mze-mnw1-4s98kybqbkmx,15722358-6a29-4c88-aed4-06e92356e9f6,2,1961-08-14,1961-09-09
lgigrhex-dqxi-q0fq-79h8-hvst2pafhg2y,15722358-6a29-4c88-aed4-06e92356e9f6,3,1961-09-13,1961-10-09
3hb5bdze-kgiv-mqpm-p2bc-e6n4v9ik54ph,dd7777ae-f733-445c-bf89-2486b3117cae,1,1979-04-29,1979-05-23
1g3ewej2-8o9i-popk-frtg-ppaqxxhp6tae,dd7777ae-f733-445c-bf89-2486b3117cae,2,1979-05-29,1979-06-22
rf77zpxv-3n91-5ced-gg4z-m77a9nwjiktq,dd7777ae-f733-445c-bf89-2486b3117cae,3,1979-06-28,1979-07-22
e2bfr6eq-03vh-i3i8-t89u-5skmo3uef4p2,dd7777ae-f733-445c-bf89-2486b3117cae,4,1979-07-28,1979-08-21
zpytu88r-99b7-g2ii-41i3-hripfgsviu1s,dd7777ae-f733-445c-bf89-2486b3117cae,5,1979-08-27,1979-09-20
qiyrdgho-3doi-yeu1-hsda-9mlv9rxwv03r,e2c6a445-18dd-4d4d-bbac-6150d798d2b6,1,1947-10-10,1947-10-27
7eb1sdmq-0kvv-yiik-vtm0-27q987wqx7pd,e2c6a445-18dd-4d4d-bbac-6150d798d2b6,2,1947-11-09,1947-11-26
xbl3cjbe-ino3-kgo8-6ca7-ikhzom5lce4x,e2c6a445-18dd-4d4d-bbac-6150d798d2b6,3,1947-12-09,1947-12-26
pfy0xvcd-b6r8-4rc4-8uyb-uxp2q9xib0bl,e2c6a445-18dd-4d4d-bbac-6150d798d2b6,4,1948-01-08,1948-01-25
6a0lopjh-6j0s-wehv-3gns-ukihs2n17bf2,f00f504c-ecd7-4b17-877f-aa67ce382f58,1,2011-03-07,2011-03-15
ij8z4e3b-2doh-zd9q-ep6k-j4i70nioup06,f00f504c-ecd7-4b17-877f-aa67ce382f58,2,2011-04-06,2011-04-14
tiblgnnj-fed2-k6g0-n5m8-0ddbexw5ikly,f00f504c-ecd7-4b17-877f-aa67ce382f58,3,2011-05-06,2011-05-14
d8um9j2z-wxag-7669-8pyt-tjzvdntttu94,f00f504c-ecd7-4b17-877f-aa67ce382f58,4,2011-06-05,2011-06-13
accdgy7x-fi7e-jvwd-sn4o-s2a345nejzgj,f00f504c-ecd7-4b17-877f-aa67ce382f58,5,2011-07-05,2011-07-13
rwf70r0h-r6zl-j416-fct0-y5yu3uzk7omb,f00f504c-ecd7-4b17-877f-aa67ce382f58,6,2011-08-04,2011-08-12
ddumdz4w-0xrz-78ta-pjki-29acjt8ztfap,f00f504c-ecd7-4b17-877f-aa67ce382f58,7,2011-09-03,2011-09-11
96x2h800-r67f-cxm5-d6xb-re0if1vgi2r2,f00f504c-ecd7-4b17-877f-aa67ce382f58,8,2011-10-03,2011-10-11
t5ea7kgb-oxft-zonz-gh2u-h1m2mk6kjgyb,099f722f-e5a2-42bb-9ab6-1dcd500bd977,1,1967-05-11,1967-05-11
9ofqchis-not8-t8sa-k69x-onr0c38t9ebv,099f722f-e5a2-42bb-9ab6-1dcd500bd977,2,1967-06-10,1967-06-10
qybehs1f-lylb-bd5h-rrb3-b42zya1mf1sj,099f722f-e5a2-42bb-9ab6-1dcd500bd977,3,1967-07-10,1967-07-10
6uupuvtj-zvic-eb0o-a8gz-b0k8yd4hobhy,099f722f-e5a2-42bb-9ab6-1dcd500bd977,4,1967-08-09,1967-08-09
aopqzqv3-8o7z-00y3-2aky-lbr3gqrbcnho,099f722f-e5a2-42bb-9ab6-1dcd500bd977,5,1967-09-08,1967-09-08
guwmp5qf-5p0g-5kpl-cpm0-03fmy9r5dx85,099f722f-e5a2-42bb-9ab6-1dcd500bd977,6,1967-10-08,1967-10-08
ks3ujia4-s3rs-33cc-o8em-rlx0sj8aut7x,099f722f-e5a2-42bb-9ab6-1dcd500bd977,7,1967-11-07,1967-11-07
048gds98-ppnu-2yq8-s3ax-2fctz6y1coud,9042c24c-4c19-4e6a-8334-449eef16f57a,1,2003-10-25,2003-11-08
yv80qosk-k9bi-temi-bzri-rpgjy1pfjq7q,9042c24c-4c19-4e6a-8334-449eef16f57a,2,2003-11-24,2003-12-08
fa0r0edj-fgp5-spiq-fjlc-lwfhg7ixk8kw,9042c24c-4c19-4e6a-8334-449eef16f57a,3,2003-12-24,2004-01-07
b9yv0inh-o2j1-xg23-gnmj-cy91p1ypy3z1,9042c24c-4c19-4e6a-8334-449eef16f57a,4,2004-01-23,2004-02-06
pjmnxagw-eb1x-lo30-9n96-96g34rgawqqo,9042c24c-4c19-4e6a-8334-449eef16f57a,5,2004-02-22,2004-03-07
jbtxtg7b-ox18-vuf7-920v-8cng6pjhfety,9042c24c-4c19-4e6a-8334-449eef16f57a,6,2004-03-23,2004-04-06
1bsqxgmz-mlx1-9426-v64z-2xz1s7uxs7n3,9042c24c-4c19-4e6a-8334-449eef16f57a,7,2004-04-22,2004-05-06
uxv92lmy-qp3i-wbtm-9lr7-tgwvlzgkpwd6,e939b18e-980b-44ec-8d7c-e8ea281e4bf6,1,2003-11-29,2003-12-08
8seshrgy-uodd-thgo-564n-5r2qalfkev5v,e939b18e-980b-44ec-8d7c-e8ea281e4bf6,2,2003-12-29,2004-01-07
w8ac0oq0-bmaq-nihk-byqw-pnv59gazaw9x,e939b18e-980b-44ec-8d7c-e8ea281e4bf6,3,2004-01-28,2004-02-06
tmw8lpdz-a4r9-5h5z-ome2-hgfruvqc5fkj,ae1921e8-2067-45f0-beae-ac5b306a6cfe,1,2007-11-27,2007-12-01
fdvz2uf0-xwrj-an48-sqqz-p0ecxbot5fiv,ae1921e8-2067-45f0-beae-ac5b306a6cfe,2,2007-12-27,2007-12-31
kgbj9aes-bznz-olhr-6cks-h5bp7jceezss,ae1921e8-2067-45f0-beae-ac5b306a6cfe,3,2008-01-26,2008-01-30
gucfa2r1-zhch-vkje-tm8r-35xjgyxy2hjl,6e0ee596-3eb3-4951-b659-b2d8cdf66a2b,1,1945-05-22,1945-05-27
hm20qcty-84wr-q7zo-7dpn-k33nr3s67nip,6e0ee596-3eb3-4951-b659-b2d8cdf66a2b,2,1945-06-21,1945-06-26
zbx4n86x-r3ms-v77t-p2mp-4nkft1paaev5,ed8c3c93-9e65-41de-8bd0-4d9d4b2eeb41,1,1940-07-10,1940-07-24
jj7vwfg5-yyze-4c0v-lep2-cc565d3wvb3p,ed8c3c93-9e65-41de-8bd0-4d9d4b2eeb41,2,1940-08-09,1940-08-23
6j0fhnjr-vcpj-evc8-m27c-i5q5t4s14rao,ed8c3c93-9e65-41de-8bd0-4d9d4b2eeb41,3,1940-09-08,1940-09-22
sjh89opn-0dho-5z17-1qhn-e9b8zyeqk69w,ed8c3c93-9e65-41de-8bd0-4d9d4b2eeb41,4,1940-10-08,1940-10-22
ijw8kts2-ozr6-ptk5-xf5k-c0hcsdjnucm8,ed8c3c93-9e65-41de-8bd0-4d9d4b2eeb41,5,1940-11-07,1940-11-21
w3e87ofi-3dr7-8jpn-vwvd-9u0ectp6odq9,945aea8e-5af0-4cc3-bf02-caa0e7d1dd95,1,1947-05-28,1947-06-05
3ehgs33g-d95e-vaq5-mdgq-itty8ga0grri,945aea8e-5af0-4cc3-bf02-caa0e7d1dd95,2,1947-06-27,1947-07-05
n1wmxah4-7sb9-iekw-tq0m-5uhrnffgx47z,945aea8e-5af0-4cc3-bf02-caa0e7d1dd95,3,1947-07-27,1947-08-04
6qquz2pq-abp9-842u-7iah-ti9t0gy4z74r,945aea8e-5af0-4cc3-bf02-caa0e7d1dd95,4,1947-08-26,1947-09-03
x1i53stk-n066-ba4v-fxh6-uybmdawsq3km,945aea8e-5af0-4cc3-bf02-caa0e7d1dd95,5,1947-09-25,1947-10-03
bapenlmr-naax-g4we-p896-sq24eu0r7d0q,dd7f68a9-b6a3-4dc2-9457-23e2ee5eb640,1,1955-10-14,1955-10-28
dtfihpar-42d2-b2r6-ieu3-up2dj3o2quw9,dd7f68a9-b6a3-4dc2-9457-23e2ee5eb640,2,1955-11-13,1955-11-27
kmb9ja1b-8pze-kfuo-n7zb-8x52m1d7tsav,bde28bb6-4c6c-4d8e-b6d1-01937b87484f,1,2019-09-29,2019-10-21
c64g79hm-jqj9-h3s2-tezs-m17u8yfo8ut9,bde28bb6-4c6c-4d8e-b6d1-01937b87484f,2,2019-10-29,2019-11-20
h2cam9v6-hakd-j7h8-xgvp-r4qhne5av5gu,bde28bb6-4c6c-4d8e-b6d1-01937b87484f,3,2019-11-28,2019-12-20
w8cchwmr-e6s0-gjbc-avok-3eagocc38l0q,bde28bb6-4c6c-4d8e-b6d1-01937b87484f,4,2019-12-28,2020-01-19
v1evzvzf-gxlw-z4n4-yyuf-en8p4vwjoxbc,bde28bb6-4c6c-4d8e-b6d1-01937b87484f,5,2020-01-27,2020-02-18
d57gaeq7-ogh0-f1kj-yliy-1sylvyx8rl8u,bde28bb6-4c6c-4d8e-b6d1-01937b87484f,6,2020-02-26,2020-03-19
m694w89o-jb19-ocem-w034-uimnenj4cs8x,bde28bb6-4c6c-4d8e-b6d1-01937b87484f,7,2020-03-27,2020-04-18
76ihacai-2c1n-13ps-s9w7-hhetc82497ya,76402852-7beb-487d-8d53-954e85516bc0,1,1949-03-06,1949-04-04
0n49e1fh-ca8c-uiol-7e5x-v7hw8tkmcp8i,76402852-7beb-487d-8d53-954e85516bc0,2,1949-04-05,1949-05-04
5pxcta1f-m15q-pry8-b90d-aya2ncmwfpdj,ecf8b9ec-fb19-4803-8b52-05e8791232e4,1,1946-01-15,1946-01-27
1s86ln26-tgb1-tdfo-e4cj-4l4uypdvcsbj,ecf8b9ec-fb19-4803-8b52-05e8791232e4,2,1946-02-14,1946-02-26
np66k3ui-ed05-ovuw-0zv5-ywrci6hiff38,ecf8b9ec-fb19-4803-8b52-05e8791232e4,3,1946-03-16,1946-03-28
f0yh5gky-3uev-frx8-anf5-9y1al3uy9tf4,ecf8b9ec-fb19-4803-8b52-05e8791232e4,4,1946-04-15,1946-04-27
v8x0yisb-ro8f-sqba-ovbz-xa60qy1dsn6b,ecf8b9ec-fb19-4803-8b52-05e8791232e4,5,1946-05-15,1946-05-27
45j26ftk-cp63-vcvz-93xm-hgqzf327alu3,ecf8b9ec-fb19-4803-8b52-05e8791232e4,6,1946-06-14,1946-06-26
88c9glg1-x26o-0wis-9gz9-90ohyyhrqdpt,04d55eb2-9d8a-4366-baad-c0838563c870,1,1973-01-08,1973-02-05
yiquo9qt-16h9-14x2-bmo7-fwok1d4zgekf,04d55eb2-9d8a-4366-baad-c0838563c870,2,1973-02-07,1973-03-07
x3m5c57c-6yhp-rgja-a1dn-zyehju4lw415,04d55eb2-9d8a-4366-baad-c0838563c870,3,1973-03-09,1973-04-06
fc2xyb1v-fb24-sk37-rl26-94mh8cnzdkbv,04d55eb2-9d8a-4366-baad-c0838563c870,4,1973-04-08,1973-05-06
8xq7cdtb-8xaj-rlzf-xrzg-ezewmlcltrwv,04d55eb2-9d8a-4366-baad-c0838563c870,5,1973-05-08,1973-06-05
91gr8e37-r8wz-qbw2-p511-9gfy1a4xi14y,04d55eb2-9d8a-4366-baad-c0838563c870,6,1973-06-07,1973-07-05
8hvk100m-bhbw-2jle-s2wv-h6rcg7dm3p4r,04d55eb2-9d8a-4366-baad-c0838563c870,7,1973-07-07,1973-08-04
uiyu6du7-uvwu-qs5j-i65u-x5rfilcy1hsr,04d55eb2-9d8a-4366-baad-c0838563c870,8,1973-08-06,1973-09-03
uxjaj6o9-cl2d-09we-hwbj-73rrlx5qypw2,43684def-b4ea-439b-a4e9-d5a1ea786e3a,1,1961-10-09,1961-10-13
sff1ifsh-4uny-2s2i-e5my-4athr7d9t6ro,43684def-b4ea-439b-a4e9-d5a1ea786e3a,2,1961-11-08,1961-11-12
sw4wh11n-oobl-axzr-gv62-l3ezg8p5mol3,43684def-b4ea-439b-a4e9-d5a1ea786e3a,3,1961-12-08,1961-12-12
cv3hgazh-zauy-cc4w-fpof-35gqjqwad0o4,43684def-b4ea-439b-a4e9-d5a1ea786e3a,4,1962-01-07,1962-01-11
s0f6cnl6-te6w-oxie-ffx9-w5xse47xd3ub,43684def-b4ea-439b-a4e9-d5a1ea786e3a,5,1962-02-06,1962-02-10
byhm5qzw-5ixk-2j6i-u544-m2zn5oldwmya,43684def-b4ea-439b-a4e9-d5a1ea786e3a,6,1962-03-08,1962-03-12
ac642vma-yyfg-ohze-25c7-l6ixyhwf6rqy,43684def-b4ea-439b-a4e9-d5a1ea786e3a,7,1962-04-07,1962-04-11
lgdb37be-sihb-21xm-vu54-jxijxri0j7k8,43684def-b4ea-439b-a4e9-d5a1ea786e3a,8,1962-05-07,1962-05-11
4bce1sjm-59kz-up44-0jdp-ueloqcp3730w,0461cdb5-14bc-497e-a266-ca77fd1304b0,1,1985-10-19,1985-11-17
ysdewee9-rkmo-a74b-6aad-sc4294p1v1on,0461cdb5-14bc-497e-a266-ca77fd1304b0,2,1985-11-18,1985-12-17
hl83kly0-5fzd-g2e2-63fp-xsjc5x8h1fon,0461cdb5-14bc-497e-a266-ca77fd1304b0,3,1985-12-18,1986-01-16
b76886wh-4s3d-fiai-16tg-ic48pvi7fhiz,0461cdb5-14bc-497e-a266-ca77fd1304b0,4,1986-01-17,1986-02-15
izrxl2k4-hekc-k9an-xqx4-bksc58wo7lwk,b7b8bcb9-270c-4501-a5da-4a276d8f2651,1,1982-11-18,1982-11-27
rjd83was-wc9s-wlh6-8bnx-yfxe41pp70u7,dd8f14f5-34b7-4f7f-9156-0ee9dc9c8bfb,1,1945-02-12,1945-02-17
entpno30-6pw5-i6al-597i-t8i4op657vlw,dd8f14f5-34b7-4f7f-9156-0ee9dc9c8bfb,2,1945-03-14,1945-03-19
rj8sdrka-i7ny-goe4-oue0-kxc7qqcd6i0f,23019876-9321-4840-8fb7-10fe82b7a015,1,1979-06-11,1979-06-12
q1psax7k-wxfk-3bgo-avts-bljwmfk21sao,23019876-9321-4840-8fb7-10fe82b7a015,2,1979-07-11,1979-07-12
zyz5wfux-1ao0-ghc1-40qc-9ovce6xxmxep,23019876-9321-4840-8fb7-10fe82b7a015,3,1979-08-10,1979-08-11
dx5ezbxq-2m3q-3wc3-332v-pnd0nzgbxj8l,23019876-9321-4840-8fb7-10fe82b7a015,4,1979-09-09,1979-09-10
24tji25r-3ic1-er8z-6xjb-ltoy5wseytsb,23019876-9321-4840-8fb7-10fe82b7a015,5,1979-10-09,1979-10-10
nkmka2hh-p7st-xms4-yva9-kkiij5b85voh,23019876-9321-4840-8fb7-10fe82b7a015,6,1979-11-08,1979-11-09
v4zlakyq-6lv2-l863-frwf-wtph8qaiqex5,23019876-9321-4840-8fb7-10fe82b7a015,7,1979-12-08,1979-12-09
dwuamahd-3ws0-y1tk-b0yl-ylcbo9kayu31,23019876-9321-4840-8fb7-10fe82b7a015,8,1980-01-07,1980-01-08
hlrpth44-x9uk-64kt-vd1c-ndtq4opj8hb5,23019876-9321-4840-8fb7-10fe82b7a015,9,1980-02-06,1980-02-07
c2v7eg9r-igqv-2l1k-gp6h-7ntw56digxwm,ff27e671-d9b7-4a58-8044-7a3cb284547f,1,2004-09-26,2004-10-20
s9ycoli3-tcx6-vioj-ex2a-3x1qi0rt55if,ff27e671-d9b7-4a58-8044-7a3cb284547f,2,2004-10-26,2004-11-19
tkl6tl7x-sf5j-fixp-64e6-a39yfzk1k2dr,ff27e671-d9b7-4a58-8044-7a3cb284547f,3,2004-11-25,2004-12-19
a7wcq2pj-k3mf-5ss3-x4tg-koatnnvqe0lj,ff27e671-d9b7-4a58-8044-7a3cb284547f,4,2004-12-25,2005-01-18
pb7z9qr0-alvu-hqcz-ncnf-88yupy957pdv,ff27e671-d9b7-4a58-8044-7a3cb284547f,5,2005-01-24,2005-02-17
k4kx2wcl-iir8-vpwm-r4gd-hxnwa8shlr5g,ff27e671-d9b7-4a58-8044-7a3cb284547f,6,2005-02-23,2005-03-19
2wozo7j1-y322-52gq-6o4v-wqbci5bd1th9,ff27e671-d9b7-4a58-8044-7a3cb284547f,7,2005-03-25,2005-04-18
bq4glcyu-90kk-vp6u-bxp2-k99ycplwl2jb,9f0e882d-976a-40ca-ac22-ebf18a7402c1,1,1968-10-19,1968-10-23
c5gt15fr-jvl3-a0a7-z2zn-7sg9sy4urrb0,9f0e882d-976a-40ca-ac22-ebf18a7402c1,2,1968-11-18,1968-11-22
zi5kflk1-rzej-ckeq-zxob-mn4fzggtdiga,9f0e882d-976a-40ca-ac22-ebf18a7402c1,3,1968-12-18,1968-12-22
3yp93ppv-3di7-uvar-d5ov-bml9bq63fjjf,9f0e882d-976a-40ca-ac22-ebf18a7402c1,4,1969-01-17,1969-01-21
x9mhouz5-a4sw-qot3-9hnv-cge33wk9yjdl,9f0e882d-976a-40ca-ac22-ebf18a7402c1,5,1969-02-16,1969-02-20
izm0ahs3-tzhh-wh8e-anwc-9rx97vpwu6e1,9f0e882d-976a-40ca-ac22-ebf18a7402c1,6,1969-03-18,1969-03-22
mh3dlzim-85j1-cpeg-dkja-6n5yzjrr507b,9a073da2-0ef8-480a-a5cf-822c1e88c308,1,1966-11-03,1966-11-13
illofo1h-bhcf-fjax-k0oj-ecw17k47s4s1,9a073da2-0ef8-480a-a5cf-822c1e88c308,2,1966-12-03,1966-12-13
4s0cw4pr-77tb-eehr-qy7s-ailcc2o0wxxx,9a073da2-0ef8-480a-a5cf-822c1e88c308,3,1967-01-02,1967-01-12
4p4f8mc5-jcr7-od5q-lrdm-b7znkrsooou3,9a073da2-0ef8-480a-a5cf-822c1e88c308,4,1967-02-01,1967-02-11
15z1wqnh-ryop-a8y8-wkg4-5imhldriohg7,9a073da2-0ef8-480a-a5cf-822c1e88c308,5,1967-03-03,1967-03-13
d94xxh4w-97l7-au0x-kth0-l2x26irbw3hd,9a073da2-0ef8-480a-a5cf-822c1e88c308,6,1967-04-02,1967-04-12
twj0bqrf-4qet-enwu-ntm9-8546qkbeo7yr,9a073da2-0ef8-480a-a5cf-822c1e88c308,7,1967-05-02,1967-05-12
mdz7i67o-supu-qex1-6rf9-5xn0wdoj3ytm,9a073da2-0ef8-480a-a5cf-822c1e88c308,8,1967-06-01,1967-06-11
zynpio8k-dnre-cw9q-o7nq-45gyxoeo7dc8,9a073da2-0ef8-480a-a5cf-822c1e88c308,9,1967-07-01,1967-07-11
7gej0q6x-bvou-k6ap-culx-fs1vx462nmv9,ea96e9af-b142-41b8-a817-2fc1bcb6f6fe,1,2013-10-07,2013-10-11
4w839o4k-07p3-xazp-5yq8-o324j7klgkm8,ea96e9af-b142-41b8-a817-2fc1bcb6f6fe,2,2013-11-06,2013-11-10
pldw3lhc-r1uw-6wto-tpbg-qegd5yydcsbc,ea96e9af-b142-41b8-a817-2fc1bcb6f6fe,3,2013-12-06,2013-12-10
3oz5f1q1-f32k-3ag2-dwjo-30txncgx9q84,ea96e9af-b142-41b8-a817-2fc1bcb6f6fe,4,2014-01-05,2014-01-09
zou8epq0-yx7b-vnp5-8i2d-slnxiq4c5u82,ea96e9af-b142-41b8-a817-2fc1bcb6f6fe,5,2014-02-04,2014-02-08
xe12zmip-vxnu-taux-dmed-0ws3sxfwvxsu,ea96e9af-b142-41b8-a817-2fc1bcb6f6fe,6,2014-03-06,2014-03-10
0zx0bqkm-xm1c-e7h1-ti03-ktf4jetdgk6s,ea96e9af-b142-41b8-a817-2fc1bcb6f6fe,7,2014-04-05,2014-04-09
slsakc3t-zotb-tkk4-w5wg-fw1zc6qta962,ea96e9af-b142-41b8-a817-2fc1bcb6f6fe,8,2014-05-05,2014-05-09
9x96egi6-sd35-yd0e-m2ws-xvxhjb98ho1e,ea96e9af-b142-41b8-a817-2fc1bcb6f6fe,9,2014-06-04,2014-06-08
3w4jpkrl-aaot-qerj-rgqe-f0s59wc15111,cb2a3ab0-dcf8-4da7-8d8a-aec4bb1c1f50,1,2014-04-16,2014-04-28
civmaj2k-quo3-3xlr-qqxr-ml9m1agdhww0,cb2a3ab0-dcf8-4da7-8d8a-aec4bb1c1f50,2,2014-05-16,2014-05-28
sjg4w41o-2mip-fykh-mq0y-wvq9momx62cx,cb2a3ab0-dcf8-4da7-8d8a-aec4bb1c1f50,3,2014-06-15,2014-06-27
su0pxzri-abrs-hlyx-wa3j-czz6uizp7gmh,cb2a3ab0-dcf8-4da7-8d8a-aec4bb1c1f50,4,2014-07-15,2014-07-27
rkugf4jj-u07w-0x0y-8mx5-gdfkvm4b7qfh,cb2a3ab0-dcf8-4da7-8d8a-aec4bb1c1f50,5,2014-08-14,2014-08-26
s0hoh72b-zu1r-pj6a-icjf-zakau2f06lnv,cb2a3ab0-dcf8-4da7-8d8a-aec4bb1c1f50,6,2014-09-13,2014-09-25
tdmite1q-ci9w-0tvb-6xms-35ogskpmsg2e,cb2a3ab0-dcf8-4da7-8d8a-aec4bb1c1f50,7,2014-10-13,2014-10-25
h0m4cyyo-ga3y-39fu-f9hl-5y6kcho5mljc,cb2a3ab0-dcf8-4da7-8d8a-aec4bb1c1f50,8,2014-11-12,2014-11-24
99i4yuma-tu0p-e2xi-ae7k-ui15vl3ti1z7,cb2a3ab0-dcf8-4da7-8d8a-aec4bb1c1f50,9,2014-12-12,2014-12-24
q7vdnphz-gali-aq8y-amjk-4c0fot9xkxsp,ff19f9df-b1e8-409f-b226-7f7040261537,1,2004-07-31,2004-07-31
oyl24okh-zfc6-u1kl-a3zg-atlpqibn0cuz,bf7063d0-5f4f-4385-8fbb-58d3944e6f32,1,1988-06-21,1988-07-03
sihndva6-ku2d-lv0k-a9t4-5eypztibvoh8,bf7063d0-5f4f-4385-8fbb-58d3944e6f32,2,1988-07-21,1988-08-02
2poy3enb-spy2-etng-jg3g-uzt32rm5t2r1,bf7063d0-5f4f-4385-8fbb-58d3944e6f32,3,1988-08-20,1988-09-01
w2kd75lo-c77c-gnhz-ta8z-83j6oepjcijd,dec94590-0bc8-4c8a-8911-c2e773bf28ac,1,1941-10-14,1941-10-31
bnxrvc4t-bhdu-e3y6-j7bo-7uppmx1uoolb,dec94590-0bc8-4c8a-8911-c2e773bf28ac,2,1941-11-13,1941-11-30
yvwt04v2-6w5i-71rt-ecy5-3lgb56mh3xg3,ea2f25bf-85c6-412c-81fd-df91179b2607,1,1975-04-05,1975-04-28
d2q60qjh-az00-hin4-ahp8-rfbvlfqckybc,ea2f25bf-85c6-412c-81fd-df91179b2607,2,1975-05-05,1975-05-28
rl7dhxu5-sx8y-jj8d-15ni-3ufkm82oy9hr,ea2f25bf-85c6-412c-81fd-df91179b2607,3,1975-06-04,1975-06-27
w7rtae12-8zbb-1l4g-nx7t-dq1oqvxfuyok,ea2f25bf-85c6-412c-81fd-df91179b2607,4,1975-07-04,1975-07-27
w8b1g1l9-vesc-wtpz-tsm5-ejv28q6zt1v1,a6ac75af-84de-4f00-965e-bbf758d6a71f,1,1947-09-01,1947-09-29
jgl2cojk-umt4-ce48-0xyn-foom0b17216t,a6ac75af-84de-4f00-965e-bbf758d6a71f,2,1947-10-01,1947-10-29
v2kyxybm-5yud-vl6c-tthg-mfhxiv3p8kpj,a6ac75af-84de-4f00-965e-bbf758d6a71f,3,1947-10-31,1947-11-28
4xlkvz44-q45c-w6bf-a647-m8hr84xoy4aa,a6ac75af-84de-4f00-965e-bbf758d6a71f,4,1947-11-30,1947-12-28
vmx770np-pn2b-amj5-n8lw-1kvufd754sdv,a6ac75af-84de-4f00-965e-bbf758d6a71f,5,1947-12-30,1948-01-27
ixcdx3a0-4hpj-3wos-abwm-ys1sgjywkww9,a6ac75af-84de-4f00-965e-bbf758d6a71f,6,1948-01-29,1948-02-26
ta99azu1-m3bk-frj9-mfr9-nr6xxog1rmrh,a6ac75af-84de-4f00-965e-bbf758d6a71f,7,1948-02-28,1948-03-27
tz9ndxe2-znl2-ym0s-6ygy-psi6669kgq2f,a6ac75af-84de-4f00-965e-bbf758d6a71f,8,1948-03-29,1948-04-26
wy2re0mh-9ht1-f7og-72qc-dn5cucdp86fm,85090893-f085-44b5-9c38-1034c90750f4,1,1972-07-01,1972-07-27
g7dkym8x-r6jm-2ue8-8ii6-64b8e6i9z04v,85090893-f085-44b5-9c38-1034c90750f4,2,1972-07-31,1972-08-26
9e5mg15w-0apd-hg3q-hohx-ugmclezdjdot,85090893-f085-44b5-9c38-1034c90750f4,3,1972-08-30,1972-09-25
6mqwg96s-2r7k-2vel-blzo-ohy5y707u51r,85090893-f085-44b5-9c38-1034c90750f4,4,1972-09-29,1972-10-25
wryenb49-chve-v2x7-l6ev-7u41itfyzxfh,85090893-f085-44b5-9c38-1034c90750f4,5,1972-10-29,1972-11-24
wbki7i94-a50s-3phm-2w7s-t6lgjio3r0bv,85090893-f085-44b5-9c38-1034c90750f4,6,1972-11-28,1972-12-24
l744ynwb-grjl-h261-f0ca-8ifda5yhccyz,85090893-f085-44b5-9c38-1034c90750f4,7,1972-12-28,1973-01-23
0dabyvpp-zcso-u8w5-i6s8-gcnt738fsit7,85090893-f085-44b5-9c38-1034c90750f4,8,1973-01-27,1973-02-22
qukrotgr-x2oe-czm6-69jh-ytjzs4y0dxff,85090893-f085-44b5-9c38-1034c90750f4,9,1973-02-26,1973-03-24
ylh1o6v5-m2iv-lb6f-fcmd-2xmga61xya00,19c1a290-3fa7-433a-b5fa-dc833477d313,1,1963-11-24,1963-12-21
5c5t24u8-r7up-d9cb-rjyy-vqjnb45x85kb,19c1a290-3fa7-433a-b5fa-dc833477d313,2,1963-12-24,1964-01-20
4l2hofwc-m5fv-24k3-nwrl-hla3gxehvssc,19c1a290-3fa7-433a-b5fa-dc833477d313,3,1964-01-23,1964-02-19
azut0sn6-5j6c-oveq-19qs-u311agcv3cv4,19c1a290-3fa7-433a-b5fa-dc833477d313,4,1964-02-22,1964-03-20
7x55473n-vfcj-u5qb-9tum-p5c9k7ocxd6u,19c1a290-3fa7-433a-b5fa-dc833477d313,5,1964-03-23,1964-04-19
jxyoy38l-tgua-n145-8kss-4baisih4itt4,12a8ef42-b7bf-456f-9f91-53324ebd16be,1,2003-05-02,2003-05-09
8u9tm719-t9zl-uxtc-uv3d-0btbw74d3asp,a4b7b987-6221-4657-90c5-8f51d7b1126f,1,2014-05-03,2014-05-04
nj5oxre9-3db0-5sy2-uvvy-ejxwer6kreo0,a4b7b987-6221-4657-90c5-8f51d7b1126f,2,2014-06-02,2014-06-03
vtkd7i52-d4ad-ex7f-z95y-7xeacwpurtfz,a4b7b987-6221-4657-90c5-8f51d7b1126f,3,2014-07-02,2014-07-03
fdq15wyk-g4ud-sus8-z2ii-6sytasox83ri,a4b7b987-6221-4657-90c5-8f51d7b1126f,4,2014-08-01,2014-08-02
2kd7t2hm-pp5d-w6oq-odmw-s4mmvpxv0th3,a4b7b987-6221-4657-90c5-8f51d7b1126f,5,2014-08-31,2014-09-01
l1lmvdsf-3or9-4msr-emcw-078u5xzfrx6f,a4b7b987-6221-4657-90c5-8f51d7b1126f,6,2014-09-30,2014-10-01
neri8857-vb90-3oxt-70ya-7sch0qytsrbk,a4b7b987-6221-4657-90c5-8f51d7b1126f,7,2014-10-30,2014-10-31
18f6a522-ig4n-sa84-0qov-uvjou033mywd,a4b7b987-6221-4657-90c5-8f51d7b1126f,8,2014-11-29,2014-11-30
5m9tdh6f-y3v3-k2ig-tdcn-itd7cfylf9vw,a4b7b987-6221-4657-90c5-8f51d7b1126f,9,2014-12-29,2014-12-30
mvx5lwnx-qa1p-bv5o-ekg5-vnlsugo1hel2,83e0793c-9677-422e-ab1d-806afdeaaad5,1,2000-09-21,2000-10-19
ousarkx2-mv81-hnz7-b4v3-8rrq101jyy8y,83e0793c-9677-422e-ab1d-806afdeaaad5,2,2000-10-21,2000-11-18
kewvt77n-ukt4-20xk-hw0u-cae71i2nsyth,83e0793c-9677-422e-ab1d-806afdeaaad5,3,2000-11-20,2000-12-18
i1f1odmg-v3s7-ravy-ccpo-tatl6vqpdzmu,83e0793c-9677-422e-ab1d-806afdeaaad5,4,2000-12-20,2001-01-17
pgcto7w4-f3aq-a4y0-0ogw-gioyt9cfcon9,83e0793c-9677-422e-ab1d-806afdeaaad5,5,2001-01-19,2001-02-16
d3rptlwk-mmdv-vzbs-t4m7-ghyzrbjmqgkv,83e0793c-9677-422e-ab1d-806afdeaaad5,6,2001-02-18,2001-03-18
bcqduoav-tu2j-isxe-1lxh-pz3syr1lluhq,83e0793c-9677-422e-ab1d-806afdeaaad5,7,2001-03-20,2001-04-17
xirsni77-50ix-yu5r-3g62-y3mfmd46bizs,83e0793c-9677-422e-ab1d-806afdeaaad5,8,2001-04-19,2001-05-17
maqgzjtc-6951-vyu2-rg9f-efmrk8al77bn,83e0793c-9677-422e-ab1d-806afdeaaad5,9,2001-05-19,2001-06-16
dfiu96kk-6amh-dksk-sadd-snefiixdu6xz,02d04afc-22d9-4b20-b847-286c4639edbe,1,2022-11-13,2022-11-20
tp6ql3iy-exvw-wqu5-1b5i-j6uznxey300i,02d04afc-22d9-4b20-b847-286c4639edbe,2,2022-12-13,2022-12-20
7snd4n58-f5bs-php5-xuf3-sos69h0w7s5q,02d04afc-22d9-4b20-b847-286c4639edbe,3,2023-01-12,2023-01-19
zhm8sju2-0xlc-5sc5-sm58-4i2bwt5b7cn7,b528d16b-359b-4d76-ace2-c64a1d496ffe,1,1947-05-09,1947-05-28
qdjy0poe-mslx-2k5q-1t1j-698xy3f68358,b528d16b-359b-4d76-ace2-c64a1d496ffe,2,1947-06-08,1947-06-27
5cj6nl91-ox5j-imnv-eg7k-lgzn9cyc9r44,b528d16b-359b-4d76-ace2-c64a1d496ffe,3,1947-07-08,1947-07-27
qyg0hslz-x0sw-eau1-lse1-044rig923hus,b528d16b-359b-4d76-ace2-c64a1d496ffe,4,1947-08-07,1947-08-26
qkmk7utq-4uwc-oouv-9qsm-mn9ok22wrwm6,b528d16b-359b-4d76-ace2-c64a1d496ffe,5,1947-09-06,1947-09-25
wjz6bfxr-a2o4-c8hk-lerr-lmxy3arvzpjm,b528d16b-359b-4d76-ace2-c64a1d496ffe,6,1947-10-06,1947-10-25
j7n34x92-e9ta-vv2t-1m2q-w2a8fwojzcrn,b528d16b-359b-4d76-ace2-c64a1d496ffe,7,1947-11-05,1947-11-24
wt4g6r77-u8h4-cg1b-i0tk-5h7jlzjeygwo,b528d16b-359b-4d76-ace2-c64a1d496ffe,8,1947-12-05,1947-12-24
5u9nwn4r-v2w5-bap2-c94a-kc8rosmqwp1r,b528d16b-359b-4d76-ace2-c64a1d496ffe,9,1948-01-04,1948-01-23
l2oe1ylv-oesx-clc2-bswi-48h8tkdspyqp,c5aefac7-151e-446e-8249-167c5b765a38,1,1942-11-13,1942-12-12
vvh44dll-whjh-1mqi-tbzr-6zsrmj9hrtt8,c5aefac7-151e-446e-8249-167c5b765a38,2,1942-12-13,1943-01-11
la1cdy5f-0yro-xi1k-9c0w-7mojaq1xt5rj,d6d936b6-b6ec-4402-a0b4-921dbfe6c96a,1,2010-01-14,2010-02-11
r2nvjk9q-yevl-khtz-il5e-j0opsztiazvn,d6d936b6-b6ec-4402-a0b4-921dbfe6c96a,2,2010-02-13,2010-03-13
rwlpg8d8-1zhm-uld3-ipyd-93vk6xfa2hov,d6d936b6-b6ec-4402-a0b4-921dbfe6c96a,3,2010-03-15,2010-04-12
alczrui4-0edv-8faa-wq2i-0us442b9660v,d6d936b6-b6ec-4402-a0b4-921dbfe6c96a,4,2010-04-14,2010-05-12
h71oqbtu-rm84-ddxb-iv6z-5rml57mbjx51,d6d936b6-b6ec-4402-a0b4-921dbfe6c96a,5,2010-05-14,2010-06-11
agrsszcq-rgya-lrfr-ncw2-fphjcz9jb224,fe7599c8-3cc9-45de-893c-70a3372fc3e9,1,1951-03-05,1951-03-21
9eqivjr0-k9fn-1b7a-ysic-uh9z81mjyutp,fe7599c8-3cc9-45de-893c-70a3372fc3e9,2,1951-04-04,1951-04-20
r9hs3p5y-19kd-kail-vsqg-ct8ypa6f8805,fe7599c8-3cc9-45de-893c-70a3372fc3e9,3,1951-05-04,1951-05-20
no0oge1z-5x4u-gfkz-4msr-l8s749d9mogg,fe7599c8-3cc9-45de-893c-70a3372fc3e9,4,1951-06-03,1951-06-19
wzwvl5mo-ovbi-0eld-7uj4-qn5txqfnl9ki,fe7599c8-3cc9-45de-893c-70a3372fc3e9,5,1951-07-03,1951-07-19
3mvjj3v8-4fs1-ldyc-qq8y-apwv2g6ethi8,f2e2efab-bec8-4776-8d13-fb9e1349f303,1,1941-02-13,1941-03-04
rq8p6fzx-v77w-y9sj-8hk3-ofts1l1lkcv0,f2e2efab-bec8-4776-8d13-fb9e1349f303,2,1941-03-15,1941-04-03
gi2p4pwq-x93f-6kdq-pfxk-uwkhtv8d8f1a,f2e2efab-bec8-4776-8d13-fb9e1349f303,3,1941-04-14,1941-05-03
j9xf4f9s-oxdl-5rj6-r0bs-bil0vkp2d7i4,f2e2efab-bec8-4776-8d13-fb9e1349f303,4,1941-05-14,1941-06-02
akbs13bj-9fss-mx4t-wmkf-ijryppsfgyjk,f2e2efab-bec8-4776-8d13-fb9e1349f303,5,1941-06-13,1941-07-02
k7557g0n-yinq-9vyh-mg6m-tyiap9dxtz01,f2e2efab-bec8-4776-8d13-fb9e1349f303,6,1941-07-13,1941-08-01
itjhypba-ncsm-l0ey-6wee-9iknh36n2f5h,6d2c2dff-f049-4549-9d7a-6fd0be204e80,1,1970-06-03,1970-06-29
yojwm40c-mdqh-2duz-v0gw-v4qy44bg4lz6,6d2c2dff-f049-4549-9d7a-6fd0be204e80,2,1970-07-03,1970-07-29
t9bh3225-0j1b-0zx8-hmf1-grhrizp8b5br,fa7d940e-a956-44bb-ae0a-cd6835741229,1,2003-11-28,2003-12-03
qri1u6vc-mnue-89f1-qokf-xwpe0igpsxtd,fa7d940e-a956-44bb-ae0a-cd6835741229,2,2003-12-28,2004-01-02
j7ay37vf-6w8s-6vh6-egyt-d6uu9mnzu8m2,fa7d940e-a956-44bb-ae0a-cd6835741229,3,2004-01-27,2004-02-01
zy7nlqxd-5jj7-5uhu-06xw-38faqp6xqwof,fa7d940e-a956-44bb-ae0a-cd6835741229,4,2004-02-26,2004-03-02
kqcv13wy-ddno-76aq-2ddk-5etl5omqcdfu,fa7d940e-a956-44bb-ae0a-cd6835741229,5,2004-03-27,2004-04-01
27ggsmuh-xk0e-khq2-f8ry-wlen2jkkhal5,fa7d940e-a956-44bb-ae0a-cd6835741229,6,2004-04-26,2004-05-01
1y8ykjzf-wmlo-useb-bkwe-7z0mn50784xm,fa7d940e-a956-44bb-ae0a-cd6835741229,7,2004-05-26,2004-05-31
